{
  "overall": {
    "mse": 0.12799307703971863,
    "qwk": 0.3895740570186069,
    "accuracy": 0.488808426596445,
    "f1": 0.48658462885212705
  },
  "per_class": {
    "class_0": {
      "precision": 0.5325301204819277,
      "recall": 0.3897707231040564,
      "f1": 0.45010183299389,
      "support": 567
    },
    "class_1": {
      "precision": 0.3942153186930905,
      "recall": 0.6840148698884758,
      "f1": 0.5001698946653075,
      "support": 1076
    },
    "class_2": {
      "precision": 0.6984126984126984,
      "recall": 0.37849462365591396,
      "f1": 0.4909344490934449,
      "support": 1395
    }
  },
  "confusion_matrix": [
    [
      221,
      325,
      21
    ],
    [
      133,
      736,
      207
    ],
    [
      61,
      806,
      528
    ]
  ],
  "bias": {
    "class_0": {
      "n": 567,
      "mean_true_score": 0.0093,
      "mean_pred_score": 0.3382,
      "mean_error": 0.3301,
      "bias": 0.3289,
      "direction": "over-grades"
    },
    "class_1": {
      "n": 1076,
      "mean_true_score": 0.5432,
      "mean_pred_score": 0.5161,
      "mean_error": 0.2211,
      "bias": -0.0271,
      "direction": "balanced"
    },
    "class_2": {
      "n": 1395,
      "mean_true_score": 0.986,
      "mean_pred_score": 0.6457,
      "mean_error": 0.3441,
      "bias": -0.3403,
      "direction": "under-grades"
    }
  },
  "low_recall_classes": [
    0,
    2
  ]
}